Time,COUNTRY,YEARS,LE,NMR,UMR,IMR,CO2,DGEGDP,DGEE,DGEPC,DPHEPC,EHEPC,FR,MAL,HIV,TUB,ANTI,MEASLES,CO2K,UN,GDPC,DGEGDP,CHEGDP,CPI,INF
1,Benin,2000,55.391,39.6,138.8,86.1,0.222838921,0.80706608,5.15978622,4.13761425,9.09556961,2.65369558,5.962,410.9448283,1.05,86,0,70,0,0.84,512.673902,0.80706477,3.10270309,74.33194758,4.165404423
1,Benin,2001,55.668,38.8,135.4,84.3,0.260007167,0.92711991,6.00176048,4.80310345,9.15230656,2.85747313,5.889,428.659403,1.01,83,0,68,0,0.75,518.0674741,0.92712092,3.24910021,77.29355201,3.984295478
1,Benin,2002,56.025,38,132.1,82.4,0.290594073,0.72565293,4.74779558,4.17199802,10.08896065,3.21345258,5.82,435.0686734,0.97,80,0,66,0,0.69,574.9297982,0.72565317,3.04335403,79.21751401,2.489162355
1,Benin,2003,56.436,37.3,128.8,80.6,0.316465963,0.66474718,4.85716248,4.72824669,12.54972744,4.29996634,5.754,454.3093622,0.92,78,0,65,0,0.73,711.2849548,0.66474736,3.0376544,80.39567051,1.487242461
1,Benin,2004,56.887,36.7,125.7,78.9,0.326451487,0.7316609,5.47668171,5.84409904,13.75732517,4.94251299,5.691,475.3834289,0.89,75,0,63,0,0.77,798.7443045,0.73165977,3.0760572,81.09824091,0.873890831
1,Benin,2005,57.355,36.2,122.8,77.3,0.348273908,0.68285859,4.82977295,5.61845779,13.62502098,4.8795085,5.632,487.0416424,0.84,73,0,61,0,0.8,822.7851431,0.68285877,2.93478322,85.44877295,5.364520858
1,Benin,2006,57.817,35.8,120.1,75.8,0.466112921,0.71946436,5.53186369,6.15900803,14.17635632,5.06985569,5.576,492.7307682,0.81,71,0,66,0,0.81,856.0549166,0.71946436,2.97331023,88.68059676,3.782176965
1,Benin,2007,58.255,35.5,117.6,74.4,0.519232293,0.59594429,3.76954269,5.7580328,15.19586849,6.9703517,5.522,480.2427973,0.78,69,0,70,0,0.82,966.2036183,0.59594458,2.8938241,89.83173133,1.298068133
1,Benin,2008,58.654,35.2,115.3,73.1,0.500177362,0.56289971,3.86888194,6.33501577,16.11528587,7.85276747,5.469,453.1691985,0.69,69,19,66,0,0.85,1125.426134,0.56289971,2.69675088,96.9709274,7.947298761
1,Benin,2009,59.009,34.8,113,71.8,0.525450062,0.74733615,4.39692497,8.13668442,15.82926273,6.7479291,5.416,417.9566186,0.6,69,24,71,0,0.97,1088.757906,0.74733645,2.82528329,97.83985707,0.896072356
1,Benin,2010,59.318,34.5,110.8,70.6,0.552218691,0.7244271,5.1466217,7.50893402,15.54459381,7.98801899,5.362,387.7550288,0.56,68,29,68,0,1.04,1036.534515,0.7244277,2.99710441,100,2.207835325
1,Benin,2011,59.59,34.1,108.6,69.3,0.526380933,0.79594523,5.40438175,8.9963541,16.93155289,9.0335083,5.305,370.1063617,0.52,67,37,70,0,2.65,1130.273251,0.7959457,3.09628272,102.7042391,2.704239077
1,Benin,2012,59.842,33.7,106.3,68.1,0.487190488,0.74672174,5.24533272,8.55101395,16.38043594,14.16935635,5.246,378.0328893,0.47,66,39,74,0,2.65,1145.140105,0.74672192,3.41449857,109.631314,6.744682533
1,Benin,2013,60.092,33.3,104,66.8,0.501769487,0.76462746,5.1337862,9.56709576,17.10278893,9.09736347,5.183,394.9973382,0.45,64,34,68,0,2.66,1251.209767,0.7646274,2.85861206,110.1015105,0.428888889
1,Benin,2014,60.345,32.8,101.8,65.5,0.535635874,0.57532829,4.04461384,7.42984438,17.16848183,9.84920788,5.116,399.2375112,0.43,61,39,65,0,2.61,1291.410185,0.57532859,2.66743827,109.4973201,-0.548757551
1,Benin,2015,60.608,32.3,99.6,64.3,0.566378737,0.58544803,3.2251544,6.30409145,14.28518295,10.71770573,5.047,411.8236242,0.39,60,45,67,0,2.57,1076.796698,0.58544844,2.90741682,109.7368848,0.218785924
1,Benin,2016,60.885,31.9,97.4,63,0.665006634,0.57491308,3.72647786,6.25096273,14.76065159,9.21673393,4.977,421.5764024,0.34,59,51,68,0,2.52,1087.287331,0.57490981,2.73950028,108.8655189,-0.794050174
1,Benin,2017,61.174,31.5,95.1,61.8,0.65860166,0.8144052,4.57917738,9.25647545,14.960536,5.84001541,4.906,399.5579673,0.31,58,51,70,0,2.44,1136.593872,0.81440628,2.61910868,110.791799,1.769412474
1,Benin,2018,61.47,31,92.8,60.4,0.688722324,0.49050966,2.9630444,6.09126854,15.53196526,9.31582451,4.836,386.1823669,0.28,56,58,71,0,2.37,1241.825298,0.4908835,2.50416446,111.5061885,0.644803622
1,Benin,2019,61.771,30.6,90.3,59,0.6876,0.48,2.9,6.09,15.546,9.5,4.767,386.1824,0.23,55,65,71,0,2.32,1219.515506,0.54099613,2.38842916,110.7200402,-0.705026635
1,Burkina Faso,2000,50.489,40.9,179.2,91,0.090455241,1.08095813,4.84836864,2.4521029,3.47078133,1.60275924,6.592,589.325713,1.2,70,0,48,0,2.57,255.7186873,0.96129316,2.9502635,74.91524285,-0.304212168
1,Burkina Faso,2001,50.893,40.1,175.1,89.4,0.085394315,1.09293437,4.94217682,2.592906,3.60465431,1.51041961,6.531,588.4521435,1.08,69,0,63,0,2.63,267.0975996,0.97162032,2.88835382,78.66657338,5.007432908
1,Burkina Faso,2002,51.384,39.3,170.7,87.7,0.082973396,1.18955016,5.43493128,3.10288215,3.67690063,1.93396938,6.468,580.5744476,0.97,67,0,64,0,2.71,294.6653885,1.05799115,2.97113252,80.37811793,2.175694807
1,Burkina Faso,2003,51.956,38.3,165.6,85.7,0.086924748,1.10279822,5.56972933,3.66381812,4.35539389,3.72920418,6.403,566.2661332,0.88,66,1,76,0,2.78,374.627358,0.98018694,3.14307165,82.01346358,2.034565741
1,Burkina Faso,2004,52.602,37.2,159.8,83.4,0.086719114,1.9123739,8.39099884,7.09873867,5.81200457,4.70146656,6.335,537.0104898,0.8,65,3,78,0,3.37,418.3766603,1.69978082,4.21721363,81.68522216,-0.400228702
1,Burkina Faso,2005,53.31,36,153.4,80.9,0.085680641,1.37495899,6.04864073,5.59762573,6.08789921,6.40067434,6.265,506.7793131,0.72,64,6,84,0,4,457.9334308,1.22285116,3.95109105,86.92536198,6.415040184
1,Burkina Faso,2006,54.063,34.7,146.6,78.2,0.101235265,1.61389041,6.54068899,6.76894379,7.02535248,7.56042814,6.192,493.7769598,0.65,63,10,88,0,3.64,473.4498682,1.43097806,4.51446247,88.95342505,2.333108564
1,Burkina Faso,2007,54.841,33.5,139.7,75.5,0.117877953,1.61071491,6.27068281,7.65266228,8.27113247,12.04295444,6.116,503.8016692,0.58,62,12,94,0,3.3,535.0622795,1.43212783,5.23372936,88.74827416,-0.230627306
1,Burkina Faso,2008,55.618,32.5,133.2,72.9,0.130022856,1.53084445,7.32152605,8.7221632,10.1389637,10.92252445,6.036,533.3870443,0.53,61,17,94,0,3.62,643.404581,1.36111391,4.64780807,98.20866083,10.6597979
1,Burkina Faso,2009,56.377,31.6,127.2,70.5,0.127467638,1.84650826,7.62939453,10.20649433,11.59775639,9.78663635,5.953,552.0285913,0.47,60,22,94,0,4.23,624.1751645,1.64177883,5.08159304,100.7701162,2.608176664
1,Burkina Faso,2010,57.096,30.9,121.7,68.2,0.133929621,1.46920562,6.03235197,8.45448971,11.40909481,14.04723454,5.867,551.2381089,0.42,58,26,92,0,4.68,647.8360955,1.30630934,5.2395854,100,-0.764230735
1,Burkina Faso,2011,57.761,30.2,116.9,66.3,0.136799629,1.51446652,6.58739376,10.09906864,13.39726448,11.37760448,5.781,539.5628568,0.38,57,30,89,0,5.12,751.1727704,1.34620249,4.6486845,102.7597672,2.759767249
1,Burkina Faso,2012,58.374,29.7,112.5,64.4,0.163536225,1.19755554,4.69605827,8.06938362,13.48915386,13.33173084,5.693,527.5404055,0.35,55,33,87,0,5.58,758.000427,1.06450045,4.60266972,106.6832918,3.818152403
1,Burkina Faso,2013,58.937,29,108.3,62.8,0.173961012,1.81326139,6.38293266,12.69327831,18.17873573,12.92496109,5.606,487.5243304,0.33,54,36,82,0,6.07,787.4694383,1.61236393,5.56331158,107.2527016,0.533738507
1,Burkina Faso,2014,59.45,28.5,104.4,61.1,0.171727227,1.83008111,7.77367115,12.88127995,17.36510849,9.34534645,5.521,436.0630817,0.29,54,41,88,0,6.48,792.8462374,1.62685144,5.00026941,106.9758936,-0.258089518
1,Burkina Faso,2015,59.919,28,100.7,59.5,0.187735194,1.65298152,7.15264177,9.50984097,15.73656368,8.26835728,5.436,400.0872748,0.15,52,48,88,0,6.04,653.3272681,1.45618773,5.13192463,107.7512966,0.724838981
1,Burkina Faso,2016,60.354,27.5,97,58,0.187704296,2.81701303,11.03399467,16.41622543,14.92377853,9.61482525,5.353,401.7310626,0.13,51,54,88,0,5.6,688.2506963,2.38884258,5.95963097,108.2265245,0.441041448
1,Burkina Faso,2017,60.768,27,93.9,56.7,0.212053871,2.9929769,9.99147034,19.22760391,17.18475914,7.99135828,5.271,399.9437614,0.12,49,62,88,0,5.13,734.996268,2.61084127,6.02940798,109.8315227,1.482998972
1,Burkina Faso,2018,61.174,26.5,90.7,55.3,0.216186485,2.3925395,8.78477192,17.10899734,17.02890968,6.11154222,5.189,398.733694,0.11,48,59,88,0,4.7,804.5005378,2.0870657,4.90988731,111.9797647,1.955943027
1,Burkina Faso,2019,61.577,25.9,87.5,53.9,0.216,2.343,8.78,17.109,17.023,6.176,5.109,398.733,0.1,47,69,88,0,4.62,796.1152068,2.28508854,5.46494246,108.3590229,-3.23338934
1,Cabo verde,2000,68.583,17.6,38.1,31.1,0.513805006,3.16139579,7.50158787,44.94274902,16.47006989,1.62158382,3.539,1.293498374,0.3,82,0,86,0,10.79,1259.353067,3.16139579,4.43401194,78.66504551,-2.477456685
11,Cabo verde,2001,69.099,16.8,34.5,28.4,0.573787988,3.46985078,11.17305279,49.02309036,16.21721268,1.90364242,3.399,0.944545471,0.3,83,0,88,0,10.76,1292.226512,3.46985078,4.75244379,81.30029679,3.349964723
1,Cabo verde,2002,69.557,16.2,31.7,26.3,0.632118387,3.46202779,9.50427818,53.05632019,17.7447567,2.0809598,3.271,0.659905529,0.2,55,0,89,0,10.81,1401.891073,3.46189737,4.7555151,82.8324286,1.884534101
1,Cabo verde,2003,69.932,15.7,29.8,24.9,0.689003723,3.30085492,11.36700153,65.33809662,22.29167747,1.44625711,3.151,0.581295948,3.85,88,0,90,0,10.81,1809.11003,3.30085492,4.50008631,83.81661899,1.188170386
1,Cabo verde,2004,70.219,15.5,28.7,24,0.744603269,3.12336469,9.63142586,69.99240112,24.24131203,3.85416317,3.038,0.379043127,3.44,80,1,91,0,10.75,2024.266381,3.12336469,4.37710667,82.23179615,-1.890821723
1,Cabo verde,2005,70.424,15.4,28.1,23.6,0.950254193,2.95317626,8.80299091,69.56646729,25.65025711,5.45525503,2.933,0.56484035,3.03,79,8,92,0,10.67,2099.148417,2.9531765,4.27364111,82.57625825,0.418891613
1,Cabo verde,2006,70.565,15.5,27.9,23.4,1.065709517,2.97463608,8.92111778,78.39771271,29.1552887,10.77613354,2.839,0.655823715,2.7,70,13,94,0,10.51,2361.380101,2.97463489,4.48974991,87.00984103,5.369076871
1,Cabo verde,2007,70.676,15.6,27.7,23.3,0.968284474,2.97691178,10.09019661,94.81317902,31.66618347,6.93828964,2.757,0.145728928,2.43,72,19,95,0,10.37,3186.779935,2.97691178,4.18900156,90.84784254,4.410997042
1,Cabo verde,2008,70.786,15.7,27.5,23.1,0.998240601,2.45241642,8.10699081,91.19065857,33.8241539,8.22026539,2.687,0.279957446,2.15,87,25,96,0,10.31,3721.219993,2.45241642,3.58312869,97.00227101,6.774435464
1,Cabo verde,2009,70.911,15.6,27,22.7,1.047944488,2.77685046,8.30945301,96.86951447,34.25791931,4.27827501,2.629,0.513699983,1.93,85,26,97,0,10.62,3517.430156,2.77685046,3.88152456,97.96366389,0.991103481
1,Cabo verde,2010,71.062,15.3,26.3,22.1,1.096126209,2.8310132,7.22943163,95.61633301,46.41014862,9.13366985,2.581,0.366938097,1.72,90,32,97,0,10.67,3378.323433,2.8310132,4.47555733,100,2.078664709
1,Cabo verde,2011,71.243,14.8,25.2,21.3,1.142609721,2.86501932,8.60780239,107.1626816,46.27309036,7.59795332,2.539,0.053969453,1.47,95,36,96,0,10.93,3740.374103,2.86501932,4.30527449,104.4738834,4.473883422
1,Cabo verde,2012,71.445,14.2,23.9,20.3,1.049004337,3.07491827,8.86497021,106.0084076,47.96905518,23.0062809,2.5,0.007612552,1.33,104,44,91,0,11.21,3447.4831,3.07491827,5.13365459,107.1279342,2.540396442
1,Cabo verde,2013,71.661,13.4,22.5,19.2,0.996599836,3.05590343,9.02955627,110.5007019,51.56630325,29.21597672,2.463,0.165348886,1.14,74,49,91,0,11.49,3616.03557,3.05590343,5.28994226,108.7418625,1.506542857
1,Cabo verde,2014,71.886,12.6,21,17.9,0.964736936,3.04348063,9.98307133,109.2203674,53.15897751,28.79689598,2.425,0.192948475,1.03,66,59,93,0,11.69,3588.625584,3.04348063,5.32722235,108.4822107,-0.238778145
11,Cabo verde,2015,72.117,11.7,19.5,16.7,0.952852841,3.17430449,10.09395409,96.59446716,44.06234741,5.95077944,2.385,0.051307611,0.87,64,64,92,0,11.9,3043.031382,3.17430449,4.8200655,108.6245263,0.131187999
1,Cabo verde,2016,72.347,10.9,18.1,15.5,1.035508529,3.08039069,10.39242458,96.44637299,47.54265976,7.7073822,2.346,0.347584289,0.73,58,74,93,0,12.1,3130.998753,3.08039069,4.84664345,107.0952925,-1.407816371
1,Cabo verde,2017,72.57,10.2,16.8,14.5,1.097676461,3.28108525,10.39242458,108.0340195,54.58036804,13.8749876,2.309,3.026855291,0.63,58,81,96,0,12.24,3289.902203,3.28108525,5.27825785,107.9353643,0.784415251
1,Cabo verde,2018,72.782,9.5,15.8,13.6,1.140200528,3.22480845,10.39242458,117.2347031,60.23967743,17.38248825,2.274,0.014146473,0.7,46,94,99,0,12.17,3616.464537,3.20918369,5.26637983,109.2911963,1.256151859
1,Cabo verde,2019,72.981,9,14.9,12.8,1.14,3.2246,10.389,127.56,63.23,17.38,2.242,0.01543,0.7,46,98,98,0,12.07,3603.775241,3.24621487,4.93621731,110.5016065,1.107509306
1,cote d'ivoire,2000,49.635,45.1,142.3,95.3,0.384693455,0.8112601,4.55759859,5.28378582,27.24517822,3.94187403,5.87,514.6153126,3.85,367,0,68,38.23412322,4.52,1007.46739,0.58690357,6.12684488,75.22720061,2.530775167
1,cote d'ivoire,2001,49.495,44.6,139.1,93.4,0.371446625,0.70466495,4.45654726,4.6798749,23.31305504,3.84119892,5.793,519.4744541,3.44,350,0,71,41.94204473,4.71,997.4787843,0.50978744,6.01772738,78.50825688,4.36152914
1,cote d'ivoire,2002,49.475,44.1,135.9,91.4,0.370251316,0.75098735,4.14795876,5.38105154,21.79452515,4.31638193,5.713,519.634201,3.03,330,0,71,41.95783699,4.96,1047.752265,0.5432992,5.90390921,80.92416388,3.077264852
1,cote d'ivoire,2003,49.572,43.5,132.5,89.5,0.292620071,0.7125566,4.06708717,6.19719458,28.65138245,4.64529467,5.63,520.0887656,2.7,309,1,70,45.64168932,5.18,1207.512648,0.51549667,5.47977018,83.59207776,3.29680747
1,cote d'ivoire,2004,49.788,42.9,129,87.5,0.301605526,0.77398419,4.14515257,7.12995243,34.54149628,5.808846,5.545,518.6743068,2.43,288,1,78,55.14031365,5.36,1308.28782,0.55993599,5.47520828,84.81084052,1.457988356
1,cote d'ivoire,2005,50.12,42.2,125.3,85.2,0.316543403,0.73135251,3.89134884,6.80764627,38.11233902,4.29920816,5.46,510.0392476,2.15,267,3,84,57.43493976,5.51,1309.591653,0.52909434,5.00643015,88.10644594,3.885830399
1,cote d'ivoire,2006,50.561,41.6,121.7,83.3,0.300187993,0.77103591,3.85718417,7.31814623,42.52901077,4.78705978,5.376,506.5677721,1.93,249,5,73,55.68889876,5.61,1347.988824,0.55780333,4.76330471,90.28020067,2.467191486
1,cote d'ivoire,2007,51.091,40.9,118.1,81.1,0.28949599,0.81319094,3.96364379,8.62920856,52.43128586,5.7138896,5.296,509.9826563,1.72,233,7,67,52.06479279,5.71,1500.167805,0.58830029,4.55253553,91.98830775,1.892006293
1,cote d'ivoire,2008,51.682,40.2,114.2,78.8,0.324397641,0.83403754,4.13571978,10.30548,58.6986618,9.02103901,5.221,510.0815748,1.47,219,10,63,47.79784591,5.88,1738.192101,0.60338175,4.56873417,97.79141562,6.308527692
1,cote d'ivoire,2009,52.313,39.5,110,76.7,0.295625731,0.92367828,4.64522505,11.17923737,55.87591934,7.7072072,5.152,494.4815949,1.33,207,15,67,46.99696459,6.41,1689.344762,0.66823173,4.46970177,98.78840358,1.019504577
1,cote d'ivoire,2010,52.964,38.8,106.4,74.7,0.302927822,0.81222534,4.06209469,9.843606,56.31111526,7.81749487,5.088,469.2694823,1.14,196,16,64,48.87368167,6.71,1701.475702,0.58760166,4.41580963,100,1.226456121
1,cote d'ivoire,2011,53.62,38.1,103.2,72.9,0.284849452,0.80149698,4.39369249,9.78390217,55.3644371,9.04491234,5.029,442.1083196,1.03,186,20,49,50.01567613,6.96,1744.938897,0.57984018,4.39704227,104.912434,4.912433951
1,cote d'ivoire,2012,54.271,37.5,100.2,70.9,0.366173071,1.03128433,4.62200308,12.82241631,51.35861588,11.91017437,4.974,396.275514,0.87,178,23,74,41.41060837,7.22,1684.781586,0.74607885,4.42740583,106.2810284,1.304511199
1,cote d'ivoire,2013,54.906,36.8,96.9,68.9,0.383021967,1.00606477,4.58988285,14.24053955,52.16424561,6.33572102,4.92,338.8686799,0.73,170,27,69,44.3420922,4.25,1935.946845,0.72783411,3.71776819,109.0243228,2.581170373
1,cote d'ivoire,2014,55.508,36.2,93.6,67,0.395625652,1.07486784,5.11125422,16.76134491,52.82699203,10.83428669,4.867,315.0741498,0.63,165,32,59,42.23598214,3.65,1561.464413,0.77760935,3.73104811,109.5134954,0.448682077
1,cote d'ivoire,2015,56.065,35.6,90.6,65.3,0.411605058,1.08317327,4.74841452,15.45100975,39.32092667,8.3057642,4.813,320.0353756,0.55,159,37,67,40.39070084,3.1,1972.545683,0.80445975,3.21990895,110.8840563,1.251499548
1,cote d'ivoire,2016,56.567,34.9,88,63.9,0.39122307,1.15384614,4.81630039,17.09598732,40.04692841,10.06813717,4.759,354.656096,0.52,153,46,73,46.30964592,2.6,2013.381448,0.86090881,3.35172296,111.6859459,0.723178458
1,cote d'ivoire,2017,57.017,34.3,85.3,62.2,0.424757468,1.26734257,5.09554482,19.73484421,40.53538895,9.07165623,4.704,362.3648106,0.43,148,57,70,0,3.27,2111.026557,0.94937867,3.30509853,112.4519787,0.685881065
1,cote d'ivoire,2018,57.422,33.7,82.4,60.6,0.395305384,1.20726717,5.06648684,20.71104622,42.31371689,8.85663986,4.649,330.5981605,0.36,142,64,76,0,3.21,2314.050958,0.90654147,3.11891103,112.8561412,0.359409031
1,cote d'ivoire,2019,57.783,33,79.3,58.6,0.3876,1.2,5.067,21.54,43.67,8.856,4.593,330.5876,0.28,137,70,76,0,3.17,2276.332394,0.95927447,3.29862952,111.6069779,-1.10686344
1,The Gambia,2000,55.956,37.6,112.5,61.3,0.182134433,0.58467138,6.13216257,4.47985792,8.3811388,38.00763702,5.879,394.9046374,1.74,187,0,89,0,9.53,594.1493885,0.58467138,6.63892317,50.97116312,0.844969567
1,The Gambia,2001,56.359,37.2,107.8,59.5,0.227929445,0.59348536,6.13216257,4.37443018,6.77861261,30.29729652,5.849,382.6898616,1.74,189,0,89,0,9.51,505.4216361,0.59348536,5.70734835,53.2610916,4.492596092
1,The Gambia,2002,56.761,36.8,103.2,57.7,0.213635195,0.52695286,6.13216257,3.32809424,6.56692934,29.66254425,5.818,370.4904281,1.68,190,0,90,1.222333333,9.56,411.7718939,0.52695286,6.35030413,57.84640541,8.609124744
1,The Gambia,2003,57.159,36.5,98.7,56,0.206907254,0.5704515,6.13216257,3.31607676,4.94823647,22.60956955,5.787,358.4757832,1.61,191,0,90,1.222333333,9.56,335.906217,0.5704515,5.56995296,67.69930645,17.03286654
1,The Gambia,2004,57.553,36.2,94.4,54.3,0.213828846,0.75893098,6.13216257,4.87807655,5.18146324,24.66913223,5.756,346.9112423,1.54,191,0,92,1.1459375,9.5,642.7562183,0.75893098,5.54182816,77.31717312,14.20674328
1,The Gambia,2005,57.939,35.8,90.3,52.6,0.220243628,0.79390073,6.13216257,5.28516388,5.93626881,24.58329964,5.725,335.9492662,1.49,190,2,91,1.078529412,9.41,665.7202157,0.79390073,5.72842979,81.0582587,4.838621775
1,The Gambia,2006,58.313,35.3,86.4,51.1,0.226209656,0.85979617,6.13216257,5.69487906,6.4405365,23.73753548,5.696,325.6746703,1.44,188,2,89,1.018611111,9.26,662.3628772,0.85979617,6.19758415,82.72522456,2.056503424
1,The Gambia,2007,58.671,34.7,82.7,49.5,0.243925344,0.68640298,6.13216257,5.35661125,7.85006428,25.40000534,5.668,316.0119914,1.42,186,3,88,0.91675,9.12,780.3810509,0.68640298,5.67628479,87.16685333,5.369134738
1,The Gambia,2008,59.012,34.1,79.2,48.1,0.25454511,0.70842141,6.13216257,6.54939985,9.42547417,26.98978615,5.64,306.841699,1.41,183,5,92,0.852790698,9.05,924.5098746,0.70842141,5.46723223,91.04024749,4.443654909
1,The Gambia,2009,59.334,33.5,76,46.8,0.27581816,0.8801949,6.13216257,7.33447981,8.31533623,21.29929924,5.612,297.9755522,1.31,180,5,96,0.763958333,9.36,833.2813604,0.8801949,5.18213415,95.19305464,4.561506877
1,The Gambia,2010,59.637,32.9,72.9,45.5,0.24537154,0.8924976,6.13216257,7.6812377,8.36248398,19.17967606,5.583,289.2746427,1.25,179,10,92,0.833409091,9.41,860.6364339,0.8924976,5.08982468,100,5.049680759
1,The Gambia,2011,59.917,32.3,70,44.2,0.243487784,1.01449692,6.13216257,7.73823595,8.15485764,17.24921608,5.552,257.2610763,1.16,178,15,91,0.814888889,9.41,762.7631177,1.01449692,5.49951601,104.7958827,4.795882662
1,The Gambia,2012,60.178,31.7,67.3,43.1,0.241467281,1.17241848,6.13216257,8.70842838,7.73745251,14.97364712,5.518,274.8175872,1.07,177,17,95,0.797173913,9.42,742.7776286,1.17241848,5.1643424,109.254237,4.254321998
1,The Gambia,2013,60.426,31.1,64.8,41.9,0.2240659,1.08376515,6.13216257,7.5919981,7.20899391,12.61562347,5.48,236.9934838,1.08,176,17,96,0.833409091,9.43,700.5160422,1.08376515,3.91374874,115.4807778,5.699129896
1,The Gambia,2014,60.667,30.5,62.3,40.8,0.2569123,1.09228694,5.75401974,6.63485765,6.7155695,9.12227249,5.437,142.0245776,1.07,175,19,96,0.705192308,9.35,607.4299047,1.09228694,4.451684,122.3495738,5.947999357
1,The Gambia,2015,60.91,29.9,60,39.8,0.254091837,0.99829203,5.0990448,6.5959425,7.0547576,7.33470917,5.39,195.0442503,1.03,173,21,97,0.691886792,9.3,660.7235712,0.99829203,3.17612934,130.6796894,6.808454946
1,The Gambia,2016,61.166,29.2,57.8,38.8,0.246610961,1.21677065,6.22549534,8.30712509,7.51256466,5.98275709,5.338,116.5301931,1.03,170,25,97,0.691886792,9.24,690.7804932,1.2897681,3.68266177,140.1262532,7.228792721
1,The Gambia,2017,61.44,28.5,55.7,37.8,0.243913456,1.06097889,4.37553978,7.21228647,7.13294697,8.36503124,5.281,53.02091332,1,166,27,90,0,9.12,679.7550717,1.06097889,4.14472675,151.3842623,8.034189745
1,The Gambia,2018,61.735,27.8,53.7,36.8,0.249989913,0.94653189,4.37553978,6.77834558,7.60415602,7.77292728,5.219,65.99733695,0.97,162,29,91,0,9.02,732.7207273,1.0711875,4.8878727,161.255982,6.520968239
1,The Gambia,2019,62.05,27.1,51.7,35.9,0.2456,0.94,4.37,6.778,7.698,7.776,5.154,65.897,0.94,158,31,85,0,8.94,772.0459142,1.04134357,3.82171082,172.7304356,7.115676256
1,Ghana,2000,57.002,36.1,99.4,64.1,0.297735601,0.77592826,6.01488829,4.61476135,11.24940205,1.99135327,4.826,437.5271865,1.61,216,0,90,0,10.36,258.4710399,0.77580416,2.79087734,19.20834975,40.24093312
1,Ghana,2001,57.158,35.2,95.4,61.9,0.314320105,1.06371319,7.19382238,6.58282042,11.80788898,2.53250623,4.753,422.142176,1.55,214,0,78,0,9.26,269.0149848,1.06371319,3.17252946,27.18163898,41.50949629
1,Ghana,2002,57.425,34.4,91.6,59.7,0.36648534,0.6973545,6.10158062,4.89082432,13.20012093,2.940346,4.681,393.2308182,1.49,212,0,78,0,8.3,304.564636,0.6973545,2.8882091,29.72609383,9.360932396
1,Ghana,2003,57.785,33.7,88.2,57.8,0.343609358,0.82477731,6.33220148,6.95338821,15.55290604,2.99328041,4.612,372.8490681,1.4,209,0,80,0,7.34,367.8213621,0.82477731,2.83229733,38.57643771,29.77297972
1,Ghana,2004,58.225,33.2,85.4,56.2,0.311202422,0.72471851,4.905725,6.89670849,17.78697395,4.81835127,4.548,354.120762,1.34,206,1,83,0,6.4,417.5080667,0.72471851,2.77140665,45.53668362,18.04273882
1,Ghana,2005,58.719,32.7,82.9,54.8,0.321802121,1.46986449,10.60201263,16.52228165,21.98731804,6.20354366,4.49,339.0323328,1.26,203,1,83,0,5.5,492.5440562,1.46986449,3.64265633,52.56708856,15.43899202
1,Ghana,2006,59.234,32.3,80.5,53.5,0.376691475,1.47501886,9.55574703,18.97234726,24.9659462,7.01388311,4.438,333.3359846,1.23,199,2,85,0,4.64,913.3938493,1.47501886,3.68296194,58.70649553,11.67918394
1,Ghana,2007,59.741,31.8,78,52.1,0.394096032,1.64793336,9.13427639,24.35724068,28.94482994,6.79723024,4.392,322.3310576,1.15,196,4,95,0,4.69,1081.166318,1.64793336,3.81368589,65.00820724,10.73426655
1,Ghana,2008,60.216,31.2,75.3,50.5,0.363268589,1.75858676,9.88545227,28.66827011,32.62951279,7.12622023,4.35,333.7228427,1.1,191,7,86,0,4.79,1217.064435,1.76051533,3.89917445,75.73107674,16.49463961
1,Ghana,2009,60.645,30.5,72.3,48.8,0.411651296,2.18075299,12.34919739,31.37343788,28.69294548,7.64628124,4.311,351.3936961,1.05,187,10,93,0.110562814,5.14,1077.662058,2.1821301,4.42220068,90.30699787,19.24694822
1,Ghana,2010,61.03,29.8,69.1,47,0.449966654,2.38421845,11.9145155,41.41490555,33.03240585,7.05593634,4.273,364.1504262,1.02,183,13,93,7.268224215,5.32,1299.345212,2.38449693,4.25117254,100,10.73338984
1,Ghana,2011,61.381,29,65.9,45.2,0.480941312,2.3686533,12.08510876,50.05023575,40.98991013,9.21231365,4.234,379.5248906,0.96,178,19,91,12.97415233,5.62,1549.462719,2.36648655,4.71008253,108.7284594,8.728459371
11,Ghana,2012,61.72,28.2,62.8,43.4,0.546997679,1.9841187,8.9727478,43.1254425,40.50891113,7.3764863,4.192,374.2935094,0.9,173,22,88,5.647489451,5.93,1587.560932,1.98409915,4.03214407,120.8911955,11.18634094
1,Ghana,2013,62.064,27.4,59.8,41.8,0.564123667,1.87491477,8.63663578,44.58959961,47.25050735,18.10512924,4.146,349.2775628,0.89,168,24,89,4.006582278,6.26,2361.090324,1.8705864,4.62300539,134.9945949,11.66619231
1,Ghana,2014,62.416,26.6,57.1,40.2,0.527833773,1.43829823,6.71953726,28.31837845,39.74749374,12.66707134,4.095,315.7649659,0.86,165,26,92,8.905935978,6.52,2012.264247,1.43829823,4.10044813,155.9047393,15.48961603
1,Ghana,2015,62.772,25.8,54.6,38.8,0.543283052,1.62140036,8.55785656,28.63382149,32.63627625,20.34907341,4.041,277.1867834,0.84,160,25,89,16.14158625,6.81,1774.074771,1.62140036,4.62171459,182.6423545,17.1499695
1,Ghana,2016,63.124,25.1,52.2,37.4,0.495401526,1.32770717,6.53767872,25.64319229,32.65739441,8.5559473,3.984,235.9981219,0.82,156,28,89,10.05761162,5.45,1971.956935,1.32770717,3.46157742,214.5219104,17.45463471
1,Ghana,2017,63.463,24.4,50,36.1,0.507529429,1.08721828,6.03941917,22.02505493,35.90196228,9.52821255,3.926,212.5594029,0.78,152,31,95,0,4.22,2074.290733,1.08722985,3.35796332,241.0623928,12.37192155
1,Ghana,2018,63.78,23.7,48,35,0.541201382,1.37637711,6.41646242,30.30209732,37.91781998,9.69151211,3.87,224.3415786,0.76,148,33,92,0,4.16,2260.860567,1.37648439,3.48865867,259.886389,7.808765166
1,Ghana,2019,64.074,23.1,46.2,33.9,0.532,1.3,6.43,30.34,38.65,9.6,3.816,224.456,0.72,144,45,92,0,4.12,2246.625578,1.3756671,3.41858864,278.4517371,7.143640033
1,Guinea,2000,51.203,45.5,164.3,99.9,0.180809115,0.30125162,2.38009143,1.47645056,15.2963171,6.48592091,6.082,458.0795281,1.24,228,0,42,0,4.53,363.4822793,0.3012518,4.74567652,30,30
1,Guinea,2001,51.255,43.4,157.5,96.3,0.186525449,0.37107071,2.47332406,1.67795193,14.10382271,6.32494164,6.015,450.8240504,1.18,224,0,44,0,4.52,336.1540207,0.37107077,4.88881445,31,31
1,Guinea,2002,51.484,41.9,151.2,92.9,0.189842229,0.640118,4.39565277,2.99875689,15.01107502,7.10644674,5.947,428.2877966,1.12,221,0,46,0,4.55,343.6026312,0.64011812,5.3613739,32,32
1,Guinea,2003,51.901,40.7,145.2,89.6,0.194216973,0.42212996,2.85787916,2.29511333,16.34047127,7.34257317,5.877,404.5248213,1.07,218,1,48,0,4.55,393.7396899,0.42212996,4.7780695,30,31
1,Guinea,2004,52.499,39.7,139.8,86.7,0.19830313,0.24164158,1.85608542,1.35684311,18.76302338,6.73199224,5.804,369.4791764,1.04,214,1,50,0,4.51,407.3009759,0.24164152,4.78209734,32.14809184,31
1,Guinea,2005,53.238,38.5,135,84,0.201985052,0.26129073,2.37353587,1.29255474,14.11079121,4.5938611,5.729,342.007457,1,210,2,51,0,4.45,322.41554,0.26129073,4.04247189,42.23400997,31.37330259
1,Guinea,2006,54.052,37.5,130.8,81.7,0.204138182,0.24835719,1.87932229,1.12606943,11.70918465,3.5358026,5.653,335.4980934,0.98,206,6,51,0,4.35,453.4037133,0.24835719,3.61069894,56.88721402,34.6952706
1,Guinea,2007,54.864,36.7,127,79.6,0.208023421,0.24066733,2.77464008,1.58833075,16.37264442,4.69114113,5.575,343.6890474,0.93,200,6,57,0,4.25,659.992931,0.24066733,3.43232441,67.22678693,18.17556561
1,Guinea,2008,55.614,35.9,123.6,77.7,0.206391016,0.26959306,2.67317295,1.92779136,16.73258781,4.66687441,5.496,370.1650594,0.91,195,11,55,0,4.21,715.0965267,0.26959306,3.26223779,82.73305739,23.06561294
1,Guinea,2009,56.279,35.3,120.7,76.1,0.212755922,0.26025116,1.60156095,1.75429285,17.66082001,4.69757938,5.417,398.1406939,0.86,190,17,53,0,4.42,674.0854826,0.26025116,3.57716823,86.60859537,4.68438869
1,Guinea,2010,56.861,34.8,118.1,74.6,0.245286381,0.3625516,1.76970637,2.44075918,16.12878036,4.476861,5.336,414.6624153,0.82,186,22,58,0,4.45,672.4249304,0.36297843,3.42734981,100,15.46198107
1,Guinea,2011,57.387,34.2,115.7,73.3,0.251428464,0.51036745,3.18154812,3.32320833,14.96098232,6.39110184,5.256,426.8950149,0.75,183,24,62,0,4.45,651.1361134,0.51036745,3.78955078,121.3504664,21.35046642
1,Guinea,2012,57.905,33.6,113.4,72,0.233758216,0.51431352,2.56631088,3.56672573,15.390481,5.3426528,5.175,427.7964054,0.71,180,29,58,0,4.45,717.0505359,0.51431358,3.50398302,139.826198,15.22510139
1,Guinea,2013,58.447,33,111.2,70.8,0.200131812,0.48858508,2.62132335,3.7572608,16.84616852,6.01039219,5.094,408.0786786,0.62,177,29,54,0,4.46,769.0031667,0.48858508,3.46079683,156.4485904,11.88789561
1,Guinea,2014,59.016,32.4,109.8,69.8,0.200879385,0.61062747,3.02618742,4.81414318,25.90610695,6.97262716,5.013,381.0913311,0.65,177,32,50,0,4.41,787.2385644,0.61062747,4.78097677,167.5126679,7.07202121
1,Guinea,2015,59.598,31.9,107.9,68.7,0.222181479,0.42931205,1.97823346,3.30250144,30.90018463,10.48487663,4.933,356.6410744,0.65,177,34,47,0,4.38,769.2554754,0.42931205,5.80920601,185.6386812,10.82068212
1,Guinea,2016,60.17,31.4,105.2,67.4,0.241088377,0.66376048,4.11337852,4.86499834,23.91992569,10.77271461,4.854,331.4746243,0.61,176,35,47,0,4.33,732.2915119,0.66376048,5.39708233,200.8092914,8.172116963
1,Guinea,2017,60.706,31.1,103.2,66.3,0.246115273,0.71479923,4.11337852,6.10459232,24.94780731,5.45584393,4.777,311.5302271,0.59,176,38,47,0,4.26,855.5752706,0.59996831,3.91060591,218.7104878,8.91452597
1,Guinea,2018,61.185,30.7,101.1,65.1,0.251323233,0.6463778,4.11337852,6.29944324,28.23065186,3.7875483,4.7,283.8873937,0.54,176,44,47,0,4.19,955.1112811,0.60100216,3.63913226,240.2009843,9.826001808
1,Guinea,2019,61.602,30.4,98.8,63.8,0.257,0.6734,4.23,6.23,29.76,3.78,4.625,286.34,0.49,176,53,47,0,4.14,1058.143368,0.89733303,3.98389959,262.9498896,9.470779373
1,Guinea Bissau,2000,50.368,54.7,173,104.6,0.12486421,3.47657657,13.73608112,10.52214527,7.47500086,2.70525026,5.82,474.5381065,3.74,305,0,71,0,3.16,308.9103184,3.14870167,6.74484873,78.38880388,8.636320949
1,Guinea Bissau,2001,50.744,53.7,167.5,101.7,0.122238928,3.20359182,15.48536015,9.93187618,8.67011261,1.23854339,5.73,395.6882255,3.68,317,0,72,0,3.14,319.9574494,2.88784122,6.70832253,81.01335718,3.348122655
1,Guinea Bissau,2002,51.123,52.8,161.9,98.7,0.119573934,2.02882671,12.68518257,6.63390446,9.4580965,4.04964113,5.641,311.1361596,3.43,330,0,73,0,3.17,333.0585793,1.7342999,5.82295132,83.6868966,3.300121753
1,Guinea Bissau,2003,51.501,52,155.9,95.4,0.155848568,2.67283154,13.53392029,9.94440842,10.409729,3.84845328,5.555,226.9661661,3.18,342,0,74,0,3.17,372.0561949,2.24631,5.88066721,80.75569149,-3.502585511
1,Guinea Bissau,2004,51.883,51.2,149.7,92,0.159879162,3.61286139,14.3732729,14.63485336,11.24315357,5.18114758,5.47,146.4241883,2.99,353,0,75,0,3.13,405.0751184,3.22254682,7.47920132,81.46900869,0.883302697
1,Guinea Bissau,2005,52.275,50.3,143.5,88.7,0.156141839,3.00657678,13.67942047,13.12297535,11.90341091,6.50340414,5.389,98.44966024,2.85,361,0,76,0,3.08,436.4752202,2.6890204,7.2509346,84.1812743,3.329199228
1,Guinea Bissau,2006,52.691,49.3,137.3,85.3,0.159700112,2.73923945,12.90520573,11.77884483,12.53781033,6.14442444,5.312,77.99753481,2.69,361,1,74,0,2.98,430.0039403,2.48776817,7.28979492,85.82679696,1.954737176
1,Guinea Bissau,2007,53.136,48.2,131.1,81.9,0.162942025,2.82216668,11.02339649,13.93367577,13.9366188,8.47512627,5.241,72.80958099,2.62,361,3,73,0,2.9,493.7219932,2.52953649,7.2952776,89.78979586,4.617437722
1,Guinea Bissau,2008,53.612,46.9,125,78.5,0.152045426,2.51203084,10.52276611,15.07206345,17.07777977,9.55659771,5.174,89.01914114,2.54,361,6,71,0,2.86,599.9952372,2.21401811,7.04291964,99.18187418,10.46007314
1,Guinea Bissau,2009,54.113,45.6,119,75.2,0.154994878,2.93651843,13.28880978,16.4272995,16.86977959,5.86732721,5.11,113.7952181,2.35,361,8,69,0,3.05,559.4145709,2.66725206,6.94844484,97.54398735,-1.651397336
1,Guinea Bissau,2010,54.628,44.2,113.1,71.9,0.157624804,1.21905351,5.94140387,6.80446672,16.5508194,12.73562527,5.049,134.3672645,2.24,361,11,76,0,3.08,558.1746681,1.03795934,6.2611661,100,2.517851402
1,Guinea Bissau,2011,55.144,42.9,107.6,68.8,0.159949226,0.52258492,2.86901641,3.67724037,18.9932518,20.5011692,4.987,140.552503,2.06,361,14,83,0,3.08,703.6605673,0.43690559,6.21634817,105.0461023,5.046102263
1,Guinea Bissau,2012,55.645,41.7,102.7,66,0.155765084,0.57787979,4.19891453,3.56191707,24.64513206,7.31855679,4.923,128.7460724,1.85,361,17,81,0,3.08,616.375664,0.50444686,5.94403839,107.2841576,2.130545803
1,Guinea Bissau,2013,56.117,40.6,98.2,63.5,0.157742199,0.62128633,4.71725464,3.94307661,32.36597061,7.65935469,4.855,113.3917667,1.64,361,18,82,0,3.09,634.6620391,0.55160207,7.03947115,108.5792121,1.207125557
1,Guinea Bissau,2014,56.556,39.5,94.1,61.2,0.165442295,0.71337199,2.88727927,4.44652748,38.73379135,16.12385941,4.783,93.89972897,1.41,361,22,84,0,3.04,623.3130914,0.59649962,9.96897316,106.9404862,-1.509244606
1,Guinea Bissau,2015,56.959,38.5,90.7,59.2,0.161178259,0.65731406,2.78053975,3.96624303,37.72093201,10.15197086,4.708,79.76769608,1.35,361,25,85,0,3.01,603.3993815,0.53779852,8.13228226,108.5196982,1.476720489
1,Guinea Bissau,2016,57.328,37.5,87.3,57.3,0.168309177,0.58008963,2.67750931,3.83703995,39.38872528,7.3987174,4.631,71.35018744,1.3,361,31,86,0,2.97,661.4578387,0.48464295,8.32881451,110.1508801,1.503120559
1,Guinea Bissau,2017,57.673,36.7,84.2,55.6,0.164100679,0.5931375,3.00877118,4.38091278,40.5388031,5.65281391,4.553,78.33072413,1.18,361,32,86,0,2.9,738.5499449,0.49838862,7.00049543,112.0136578,1.691114618
1,Guinea Bissau,2018,58.003,35.8,81.4,54,0.165394728,0.64091021,3.02345538,4.88268852,41.78431702,6.6275692,4.476,123.3119067,1.13,361,40,86,0,2.84,802.7673851,0.55349988,7.62560892,112.4407935,0.381324703
1,Guinea Bissau,2019,58.322,35.1,78.5,52.3,0.1678,0.646,3.023,4.88,42.54,6.625,4.402,123.324,0.98,361,45,86,0,2.79,749.453747,0.53241199,8.34976101,112.7180728,0.246600268
1,Liberia ,2000,51.734,45.7,188,126.9,0.150959453,0.74416834,4.96490955,2.28335333,9.14470196,1.07280695,5.866,478.3399516,1.55,240,0,63,0,2.32,306.8338642,0.75278145,4.29219103,41,14
1,Liberia ,2001,52.236,43.7,175.1,118.8,0.152339529,0.79567146,6.37945366,2.44040656,6.13102293,1.5148561,5.785,475.1771201,1.43,245,0,58,0,2.31,306.7102516,0.79391885,3.49858928,41.02866457,14
1,Liberia ,2002,52.826,41.8,162.3,111.1,0.148773757,0.49771684,3.69106793,1.52537131,5.72037029,1.29784107,5.699,461.7319183,1.26,250,0,52,0,2.33,306.4739396,0.4877204,2.89440227,46.83817864,14.15964701
1,Liberia ,2003,53.554,40.1,150.1,103.6,0.155993312,0.50698507,5.41749763,1.23242664,5.14325047,1.34990716,5.61,446.4457086,1.12,256,0,47,0,2.33,243.0895775,0.53112721,3.65521455,51.67669745,10.33028812
1,Liberia ,2004,54.422,38.6,138.9,96.6,0.178591133,0.69138062,5.68961859,1.97779787,17.59164429,2.96020722,5.52,428.7016361,1.07,262,0,41,0,2.3,286.0647253,0.69292557,9.17063904,55.72251108,7.829087049
1,Liberia ,2005,55.393,37.3,129.1,90.4,0.208196478,0.57205629,4.48662376,1.68695426,19.70994377,5.05018473,5.429,404.6264365,0.99,267,0,62,0,2.27,294.8932201,0.57326448,9.68472099,61.75968788,10.83435885
1,Liberia ,2006,56.4,36.1,120.8,85.2,0.207256314,0.69581878,6.33025408,2.33875608,17.35511589,5.42591763,5.338,388.8059363,0.94,272,2,63,0,2.19,336.1156743,0.7014606,8.4906292,66.29374207,7.341446083
1,Liberia ,2007,57.365,35,114.1,80.9,0.184868993,0.80540311,4.76645851,3.19424295,25.5152626,8.52121162,5.246,383.1794058,0.87,277,4,71,0,2.13,396.6017613,0.82155901,10.79883385,73.84585667,11.39189668
1,Liberia ,2008,58.229,34.1,108.6,77.4,0.149673089,1.32956541,6.33930922,6.36064005,21.60097122,7.67191696,5.154,383.3316287,0.79,282,5,76,0,2.11,478.3995401,1.36841381,9.01321793,86.76108985,17.48944864
1,Liberia ,2009,58.971,33.4,104.2,74.7,0.143841621,0.96319336,4.06426239,4.53613615,23.63961792,16.57813263,5.062,368.8136449,0.75,288,7,83,0,2.24,470.9481214,0.96264893,9.40705395,93.20539392,7.427643059
1,Liberia ,2010,59.6,33,100.8,72.5,0.187595227,0.78597933,3.16610217,4.03557682,24.77709007,16.76441956,4.971,345.7721818,0.67,293,11,65,0,2.27,513.4455667,0.79593855,8.94644737,100,7.289927969
1,Liberia ,2011,60.146,32.7,98,70.7,0.211577206,1.4815712,5.04660177,8.84345531,28.53964615,17.6957283,4.881,330.4126552,0.61,299,15,71,0,2.24,596.8966353,1.51699734,9.4238615,108.4881675,8.488167518
1,Liberia ,2012,60.663,32.7,95.7,69.2,0.229709294,0.85684013,2.83632851,5.63746214,27.62091446,23.27239609,4.793,307.9030636,0.56,304,14,80,0,2.21,675.0101918,0.87222826,8.7670517,115.8998481,6.831787034
1,Liberia ,2013,61.186,32.8,93.8,68,0.214201463,0.34013712,1.03219831,2.45395064,30.522789,26.09855843,4.706,317.2799145,0.55,308,17,74,0,2.19,747.8686601,0.34224948,8.28010082,124.6819352,7.577306817
1,Liberia ,2014,61.723,33,94.3,67.4,0.279848093,0.81275159,2.51440024,5.84837341,35.59550858,23.77004242,4.621,337.5731849,0.51,308,18,58,0,2.13,739.911935,0.82515395,9.20679283,136.9769615,9.861112856
1,Liberia ,2015,62.269,33,91,66.1,0.281738703,1.17829359,3.25213146,8.33352184,40.64575577,24.41764069,4.54,346.9723934,0.45,308,20,74,0,2.08,721.5810505,1.20691144,10.63758373,147.590891,7.748696876
1,Liberia ,2016,62.802,33.1,89.3,65.2,0.307404659,1.38423169,3.9003675,9.88955212,38.96320724,21.1330986,4.461,386.3047518,0.42,308,22,80,0,3.08,740.914906,1.3923043,9.85343266,160.6294374,8.834248683
1,Liberia ,2017,63.295,33,87.9,64.3,0.267958311,1.40308917,4.20414686,9.79907131,30.78095245,16.38119888,4.387,401.1095601,0.38,308,32,87,0,3,721.085044,1.38163269,9.09297276,180.579023,12.41963239
1,Liberia ,2018,63.73,32.8,86.4,63.3,0.273917114,1.69556665,5.23001003,11.42816257,22.54260826,11.45401192,4.315,361.5039793,0.33,308,39,91,0,2.94,710.2659984,1.68725491,9.03880787,223.129788,23.5635149
1,Liberia ,2019,64.104,32.4,84.6,62.2,0.26,1.67,5.234,11.45,22.54,11.45,4.247,361.543,0.3,308,44,85,0,2.89,672.3404992,1.36336625,8.47005749,223,23
1,Mali,2000,48.069,50.7,187.2,101.5,0.128808907,1.28954971,6.64997244,3.48012233,10.4065237,0.86645323,6.897,406.2293997,1.1,77,0,49,0,5.33,270.542236,1.2936579,5.46631575,76.40732686,-0.677661659
1,Mali,2001,48.758,49,180.9,98.7,0.142836826,1.05058444,5.72764254,3.22988462,9.69926167,0.96593648,6.878,407.446483,1.02,76,0,54,0,6.1,307.7048595,1.05447149,4.51951408,80.37058401,5.187011919
1,Mali,2002,49.54,47.4,174.5,96,0.120514182,1.10650802,5.54936552,3.70499229,10.64310074,2.39567089,6.861,416.4582776,0.95,74,0,56,0,6.97,336.4187392,1.11018836,4.99772739,84.41549306,5.032822757
1,Mali,2003,50.373,45.9,168.2,93.3,0.116835182,1.41219854,6.78482199,5.54322815,12.51160526,1.77345502,6.842,423.808857,0.87,73,1,57,0,7.86,393.4050091,1.41262007,5.05059528,83.2786475,-1.34672619
1,Mali,2004,51.224,44.5,162.1,90.6,0.119653219,1.58778358,7.29718733,6.98892212,13.19712639,2.78429246,6.821,429.3725854,0.84,71,3,63,0,8.75,440.9567771,1.58854032,5.21768284,80.69719158,-3.099781281
1,Mali,2005,52.057,43.4,156.3,88.1,0.129153367,1.39691997,6.4568758,6.82853746,14.95896912,3.60897613,6.794,431.2402739,0.8,69,3,73,0,9.76,489.0213369,1.3972441,5.19515705,85.86010343,6.397882939
1,Mali,2006,52.839,42.4,150.7,85.7,0.143145186,1.22498989,5.55011034,6.4015317,16.67872047,5.43455172,6.76,405.7103417,0.73,68,7,68,0,10.72,523.0386031,1.22407377,5.45588827,87.18537642,1.543525969
1,Mali,2007,53.553,41.5,145.3,83.3,0.151632189,0.99788839,4.64356327,5.95430231,19.80347824,5.59034204,6.719,388.8055156,0.69,66,11,66,0,11.71,597.4844576,0.99664676,5.25303316,88.4164357,1.412002017
1,Mali,2008,54.193,40.6,140.1,81,0.148084348,0.71520597,3.78908563,4.96551466,22.81850052,7.24515247,6.67,379.0587334,0.67,65,15,71,0,10.23,697.0878685,0.71611649,5.04372358,96.52509653,9.170988137
1,Mali,2009,54.756,39.7,135.1,78.9,0.172136787,0.6662153,2.92026591,4.6561718,23.26084709,8.62918663,6.612,374.5623114,0.6,64,18,73,0,9.28,701.7171134,0.66759121,5.22657919,98.90323541,2.463751886
1,Mali,2010,55.251,38.8,130.3,76.7,0.184725562,0.66909844,3.30236483,4.7478013,19.37156487,9.08363533,6.547,383.6034269,0.54,63,21,78,0,8.07,710.2742494,0.66898072,4.67865038,100,1.108926907
1,Mali,2011,55.701,37.9,125.5,74.6,0.201100989,0.60436165,2.93925452,5.05554485,17.59575653,10.94070339,6.474,404.7329505,0.48,62,25,72,0,6.9,837.605821,0.6047585,4.01483822,102.955644,2.955643952
1,Mali,2012,56.135,37,121.1,72.6,0.19462446,0.41355813,2.66277504,3.22025108,13.82351398,12.17281818,6.396,435.6505826,0.44,61,25,67,0,6.62,778.6252695,0.4135493,3.7521615,108.4361051,5.323128471
1,Mali,2013,56.578,36.2,116.7,70.6,0.18541198,0.81583828,4.12891102,6.56590891,11.93149757,13.43329525,6.315,452.8159338,0.44,60,25,62,0,6.35,805.0339796,0.81583822,3.96750712,107.7781839,-0.606736356
1,Mali,2014,57.036,35.5,112.5,68.7,0.184242397,0.89173317,4.45473289,7.55457878,13.57603359,16.83624649,6.231,441.0073855,0.42,58,28,61,0,6.38,848.279043,0.89173353,4.48156309,108.7307431,0.883814547
1,Mali,2015,57.509,34.8,108.6,67,0.195541292,0.91927379,4.39033413,6.90534878,11.21882153,12.75986195,6.145,391.82931,0.39,57,31,66,0,7.73,751.4728866,0.91927379,4.11143351,110.3080898,1.450690576
1,Mali,2016,57.987,34.1,104.8,65.2,0.24602782,1.20928216,5.43063307,9.43074703,11.11200237,8.90005112,6.057,384.2218129,0.36,56,34,70,0,7.6,780.7235695,1.20876765,3.77377391,108.3229335,-1.799647071
1,Mali,2017,58.452,33.5,101.1,63.5,0.272789703,1.24392712,5.43063307,10.30604744,11.68701553,12.00796986,5.968,386.7775536,0.33,55,38,70,0,7.41,830.0215153,1.17751443,3.67425632,110.2292627,1.759857429
1,Mali,2018,58.893,32.8,97.4,61.8,0.294583928,1.09631753,5.43063307,9.86327934,12.51779652,12.5705843,5.877,386.7775323,0.31,53,42,70,0,7.31,894.8047765,1.15118265,3.73249865,110.5594506,0.299546507
1,Mali,2019,59.306,32.1,94,60.2,0.2876,1.097,5.45,9.867,12.87,12.57,5.785,386.876,0.29,52,48,70,0,7.24,879.0431873,1.31026745,3.89389849,108.7260798,-1.658266948
1,Mauritania,2000,60.706,42.9,112.7,69.2,0.425820379,0.64611107,2.51425123,3.17780757,18.69969177,0.99503851,5.413,147.9531917,0.5,250,0,46,0,9.98,676.5690224,0.46969447,3.37825727,53.15323313,3.254067458
1,Mauritania,2001,60.788,42.6,112.3,69,0.436648097,0.73464584,2.42193031,3.52194095,18.67673683,0.89503324,5.369,151.3455607,0.45,235,0,58,0,9.96,646.1151155,0.54510015,3.57184672,55.65935298,4.714896347
1,Mauritania,2002,60.892,42.4,111.8,68.8,0.457147465,1.17171431,3.58240128,5.58603525,18.75843811,1.26516366,5.323,118.5642546,0.39,220,0,87,0,10,639.6675829,0.87326568,4.00226164,57.82767732,3.895705258
1,Mauritania,2003,61.018,42.1,111.2,68.5,0.454998863,1.01303697,2.60668302,5.54213333,20.72467613,2.68653655,5.277,113.4756663,0.35,206,0,84,0,10,717.8998676,0.7719968,4.03255796,60.8069023,5.151901508
1,Mauritania,2004,61.17,41.9,110.1,68,0.479714866,0.91157949,2.96115541,5.85889244,22.68881416,2.17496085,5.23,90.82261233,0.3,193,1,73,0,9.94,803.7779156,0.70654863,3.70430946,67.1111329,10.36762335
1,Mauritania,2005,61.349,41.5,108.6,67.3,0.479465961,1.10183954,3.84421062,7.95881319,23.35765457,1.73878348,5.184,81.77870629,0.26,181,3,65,0,9.86,970.8423607,0.81955862,3.40313458,75.24879313,12.12564872
1,Mauritania,2006,61.552,41,106.6,66.4,0.469165541,0.87163597,3.55967808,8.51699829,24.67529869,0.85303026,5.14,72.44012355,0.22,170,6,62,0,9.7,1259.541505,0.67619681,2.70253325,79.94509535,6.241033281
1,Mauritania,2007,61.776,40.4,104.2,65.3,0.537078393,0.98904389,3.88567042,10.36675167,27.03926659,1.63380504,5.098,70.76882148,0.17,160,9,67,0,9.57,1357.124285,0.76387835,2.87644672,85.74439924,7.254108413
1,Mauritania,2008,62.015,39.8,101.7,64.1,0.546077239,1.14662409,4.48034525,14.02235413,31.11537552,2.46978283,5.057,61.1385043,0.15,151,12,65,0,9.51,1579.511548,0.8877672,3.01339459,92.04372763,7.346635412
1,Mauritania,2009,62.266,39.1,99.1,62.9,0.586431104,1.13138235,4.47624159,12.21028996,28.74753189,2.26774526,5.019,31.63722134,0.13,143,15,59,0,9.81,1389.338533,0.87885523,3.11034536,94.08794549,2.220920324
1,Mauritania,2010,62.527,38.3,96.6,61.7,0.59241028,0.94922167,4.22304821,11.78388977,28.18130875,2.51135159,4.98,38.83177838,0.08,135,17,67,0,9.86,1610.921603,0.73150158,2.63619399,100,6.283540874
1,Mauritania,2011,62.799,37.6,93.7,60.3,0.60856222,0.98169792,4.40092897,14.09355831,29.92536163,2.48347759,4.939,47.57539363,0.08,128,18,67,0,9.86,1879.772472,0.74974966,2.47383666,105.6863196,5.686319596
1,Mauritania,2012,63.079,37,90.8,59,0.647501521,1.15462852,4.16698551,16.29593086,29.24754524,2.54515243,4.895,28.42046051,0.08,121,19,75,0,9.87,1815.218939,0.89773965,2.64919353,110.8675146,4.902427272
1,Mauritania,2013,63.366,36.2,88.1,57.6,0.576293839,1.38687348,5.38500309,20.48913574,28.93214417,4.84418154,4.847,33.2162671,0.07,115,23,80,0,10.04,1892.094,1.08287692,2.86799884,115.445347,4.129101738
1,Mauritania,2014,63.654,35.5,85.5,56.4,0.641075542,1.53665709,5.21674395,20.96651077,31.10671997,5.97468805,4.794,49.20280221,0.06,111,25,75,0,10.12,1677.109019,1.25234473,3.46724391,119.5256111,3.534368561
1,Mauritania,2015,63.936,34.8,82.7,55,0.729060397,1.81572711,5.53021097,21.62420845,29.52873421,4.83613968,4.738,61.60881634,0.07,107,27,70,0,10.22,1524.071753,1.41883922,3.67363763,123.3954955,3.237703083
1,Mauritania,2016,64.208,34.2,80.3,53.8,0.674907747,1.64176989,5.75632954,18.43224335,27.80033112,1.12066209,4.679,71.50059132,0.06,102,29,72,0,10.31,1536.854888,1.19934916,3.09649324,125.2291609,1.48600677
1,Mauritania,2017,64.464,33.5,77.8,52.6,0.887315176,1.70636666,6.06559992,19.55020523,28.46920967,3.59477186,4.619,55.48778751,0.06,97,35,78,0,10.34,1587.611263,1.23883033,3.33722878,128.0781676,2.275034573
1,Mauritania,2018,64.704,32.7,75.3,51.4,0.908407126,1.64334965,6.06559992,19.54978752,30.77950668,4.16043568,4.561,39.4146497,0.8,93,35,78,0,10.22,1670.204165,1.40456009,3.57909012,131.9831618,3.048914829
1,Mauritania,2019,64.925,32,72.9,50.1,0.989,1.678,6.065,19.545,30.87,4.167,4.503,39.45,0.67,89,38,78,0,10.13,1743.302901,1.23795974,3.30329728,135.0188968,2.300092621
1,Niger,2000,49.928,43.1,224.8,97,0.059126893,1.53187096,8.3582077,2.25244164,7.38526201,0.94671243,7.679,317.2965313,0.5,191,0,37,0,1.48,197.8326834,1.1299994,4.69006205,77.99518,2.900149736
1,Niger,2001,50.584,41.7,215.2,93.7,0.056163693,1.54130769,8.31699848,2.37872672,7.69954443,1.0058924,7.669,317.4816132,0.45,179,0,39,0,1.47,208.3770599,1.14577365,4.75814819,81.11928808,4.005514284
1,Niger,2002,51.256,40.4,204.6,90.1,0.057424175,1.61420298,8.34902859,2.73495555,8.55688572,1.13779449,7.658,328.3029483,0.39,168,0,41,0,1.86,228.2359086,1.20736766,4.85896921,83.25180545,2.628865979
1,Niger,2003,51.95,39,193.2,86.3,0.060088632,1.36935258,7.62989378,2.85811758,10.3330555,1.42018378,7.645,346.8249443,0.35,159,0,43,0,2.28,268.349893,1.07094729,4.77954054,81.90778189,-1.614407692
1,Niger,2004,52.668,37.7,181.7,82.4,0.060186285,1.52508032,7.36950779,3.36598468,11.12842369,1.59379256,7.63,362.8113821,0.3,151,0,45,0,2.69,286.4900658,1.18101335,5.01117468,82.12282566,0.262543757
1,Niger,2005,53.411,36.4,170.3,78.5,0.05578197,2.48984742,12.34053707,6.15648603,12.0122509,2.10221052,7.612,355.2422648,0.26,143,2,47,0,3.1,321.7236612,1.92017889,5.67636585,88.5263512,7.797497818
1,Niger,2006,54.18,35.2,159.5,74.8,0.053026134,2.67467499,13.54461861,6.89609194,12.24762249,2.20159125,7.592,370.732713,0.22,136,4,53,0,2.33,336.2819503,2.05841351,5.80891418,88.56219183,0.04048583
1,Niger,2007,54.968,34,149.1,71.3,0.055837756,2.00112176,8.63178158,5.83702278,13.55870056,2.84594059,7.569,386.6793178,0.17,129,6,60,0,1.7,390.2844802,1.50168777,5.38838816,88.60997933,0.053959261
1,Niger,2008,55.764,32.7,139.6,68,0.056390067,2.08045435,9.1883316,7.37100792,15.6441679,3.16779804,7.542,409.0955079,0.15,123,7,66,0,1.22,478.502559,1.55048287,5.22303343,98.62743486,11.30510988
1,Niger,2009,56.557,31.5,130.5,64.9,0.068168344,2.08062911,8.69433975,7.08787251,16.85365295,3.11468172,7.511,419.1039637,0.13,118,17,69,0,0.91,464.057999,1.53777564,5.33016539,99.20234068,0.582906591
1,Niger,2010,57.333,30.5,122.2,62,0.08321173,1.79493189,8.70402527,6.23448896,14.70176601,2.9220438,7.473,425.637534,0.08,113,20,67,0,0.58,476.8695322,1.31193805,5.02160501,100,0.804073081
1,Niger,2011,58.081,29.5,114.8,59.4,0.082384981,1.73581052,8.94307804,6.50029659,15.72504616,2.67255282,7.429,427.8817069,0.08,109,26,69,0,0.32,512.595335,1.27229667,4.87324095,102.9423851,2.94238514
1,Niger,2012,58.79,28.6,108.5,57.1,0.106208362,1.40913451,6.24912119,5.49726915,14.27236748,2.99958849,7.376,430.5082902,0.08,105,32,75,0,2.18,529.7444581,1.03993475,4.30732203,103.4108655,0.45508982
1,Niger,2013,59.455,27.9,103,55.2,0.096734341,1.78362465,6.55817413,7.39112616,14.31778145,2.91825485,7.314,420.4918028,0.07,102,35,80,0,1.22,552.569139,1.34044743,4.46635866,105.7864521,2.29723115
1,Niger,2014,60.07,27.1,98.5,53.5,0.102909629,1.67788124,5.40269423,7.17737579,14.53443909,3.31813264,7.245,400.2508916,0.06,98,33,80,0,0.52,564.5967488,1.27712488,4.45376825,104.8023342,-0.93028726
1,Niger,2015,60.631,26.5,94,51.9,0.09849181,1.48385692,4.58601427,5.37951088,14.14396858,6.35445261,7.169,369.8298486,0.07,95,39,85,0,0.52,484.1531374,1.11163175,5.34746218,104.198578,-0.57609037
1,Niger,2016,61.137,25.9,90.2,50.5,0.094762615,1.49731779,5.68580914,5.47882223,13.74847221,3.32968044,7.087,358.7428301,0.06,93,47,76,0,0.51,500.2149113,1.10086405,4.53239059,105.9219071,1.653889224
1,Niger,2017,61.599,25.3,86.6,49.1,0.09582274,2.59041739,9.66281414,9.73663139,14.89412594,4.16935873,7.001,356.5706254,0.06,90,58,82,0,0.49,517.7715723,1.88447475,5.57411432,108.8838789,2.796373189
1,Niger,2018,62.024,24.8,83.4,47.9,0.102037038,2.43483281,8.35071278,10.07909298,16.70692635,3.57256007,6.913,356.5706127,0.06,87,62,77,0,0.47,570.723922,1.76169312,5.28845072,112.1151209,2.96760366
1,Niger,2019,62.42,24.3,80.4,46.7,0.1023,2.4,8.34,10.087,16.89,3.572,6.824,356.567,0.05,84,65,79,0,0.46,554.0993893,2.02315378,5.6686306,109.3236868,-2.489792651
1,Nigeria,2000,46.267,46.3,183.1,110,0.622077226,0.58559412,2.36681986,3.24794459,11.47702122,3.0090313,6.106,438.7526127,1.11,219,0,33,17.33955436,3.83,567.9307221,0.5855943,3.19738436,29.60073214,6.933292156
1,Nigeria,2001,46.51,45.2,177.7,107,0.679059355,0.85769296,2.77955914,5.00195599,12.34955978,1.24905837,6.083,429.0423566,1.05,219,0,32,13.64304874,3.82,590.381815,0.85769314,3.18946958,35.1874696,18.87364621
1,Nigeria,2002,46.835,44,172,104,0.669616062,0.5313319,2.74149656,3.88316441,12.98967361,1.32965279,6.06,412.9589519,1,219,1,30,13.81885379,3.85,741.7474939,0.53133202,2.49064016,39.71841199,12.8765792
1,Nigeria,2003,47.242,42.8,166.4,101,0.672324289,0.92982918,4.00685167,7.25640011,29.92800903,2.25403237,6.036,409.157078,0.96,219,2,34,22.68098218,3.84,795.3862287,0.92982912,5.05360937,45.29161361,14.03178361
1,Nigeria,2004,47.72,41.7,160.8,98.1,0.654963974,1.202034,6.55428839,11.57838249,30.27827835,2.7764926,6.011,411.3888059,0.91,219,4,37,23.15716913,3.81,1007.874342,1.20203364,4.6336832,52.08446514,14.99803382
1,Nigeria,2005,48.252,40.7,155.5,95.2,0.708889858,1.14133215,6.40770292,13.94309425,37.64336777,2.97148252,5.985,415.2785741,0.88,219,6,41,20.97610423,3.77,1268.383462,1.14133215,4.46591902,61.38857012,17.86349337
1,Nigeria,2006,48.812,39.9,150.6,92.5,0.646843668,0.90186709,7.28426266,14.09642792,48.85367203,3.59971213,5.958,418.1665202,0.83,219,10,44,23.46561822,3.69,1656.424794,0.90186709,4.25775146,66.437916,8.22522152
1,Nigeria,2007,49.373,39.2,146,90.1,0.615894614,0.7786122,4.30517149,13.95413017,51.98501968,4.13458681,5.93,421.3259206,0.8,219,12,41,24.68806835,3.62,1883.461388,0.77861226,3.90997314,70.01759621,5.388007969
1,Nigeria,2008,49.913,38.6,142.2,88,0.609105146,0.66059941,4.59542847,14.52109051,61.79211807,4.92705059,5.902,424.6553438,0.78,219,17,53,22.58372009,3.59,2259.114059,0.66059947,3.6958158,78.12638666,11.58107517
1,Nigeria,2009,50.422,38.3,138.8,86.1,0.481062883,0.57001245,3.68473244,10.98526573,53.723629,4.28858042,5.872,416.587205,0.75,219,22,64,24.33635372,3.75,1911.607866,0.57001245,3.58019733,87.93512356,12.55496039
1,Nigeria,2010,50.896,38,136,84.6,0.572417455,0.44847032,2.69437742,10.44228458,61.51192474,4.80300617,5.839,398.9026203,0.72,219,24,56,22.27764135,3.77,2280.437337,0.44847032,3.29653287,100,13.72020184
1,Nigeria,2011,51.346,37.7,133.6,83.3,0.627068885,0.47937733,2.76279902,12.19297981,65.6344223,6.63672972,5.802,372.5571831,0.7,219,28,49,27.45311098,3.77,2487.598017,0.47937733,3.32077932,110.8400275,10.84002754
1,Nigeria,2012,51.786,37.6,131.7,82.2,0.602049397,0.54436678,3.87385416,15.00500011,69.80930328,7.79685211,5.758,347.7383259,0.67,219,35,42,28.7007946,3.74,2723.822191,0.54436678,3.35984278,124.3822202,12.21778174
1,Nigeria,2013,52.228,37.4,129.9,81.2,0.644598562,0.48927847,3.65810609,14.66891956,75.12508392,12.76084042,5.709,328.6545794,0.61,219,41,43,25.87964053,3.7,2961.549422,0.48927841,3.42069316,134.9246423,8.475827285
1,Nigeria,2014,52.672,37.3,128.5,80.4,0.658711745,0.44593188,3.52692819,14.37101078,80.28689575,13.25084496,5.653,314.4048621,0.55,219,46,44,28.14312048,4.56,3098.985791,0.44593188,3.34840369,145.8029225,8.062485824
1,Nigeria,2015,53.112,37.1,126.8,79.5,0.597060396,0.58907843,5.31971025,16.08437157,72.02040863,9.697855,5.592,296.0814002,0.53,219,50,42,30.02769487,4.31,2687.480056,0.58907843,3.58194971,158.9388723,9.009387183
1,Nigeria,2016,53.541,36.9,125,78.5,0.583027843,0.47496936,5.00459814,10.33533382,60.85023499,8.18918896,5.526,281.3766366,0.51,219,55,51,29.38808615,7.06,2176.002772,0.47496936,3.64773679,183.8530818,15.67534055
1,Nigeria,2017,53.95,36.7,122.8,77.3,0.591596789,0.53265768,4.43586874,10.48568821,57.59580612,5.84854698,5.457,283.0640745,0.49,219,58,54,0,8.39,1968.565398,0.53265768,3.75336528,214.2321193,16.52353998
1,Nigeria,2018,54.332,36.3,120,75.7,0.667110199,0.57829392,4.43586874,12.45123196,64.71642303,6.58585215,5.387,291.9425142,0.48,219,60,54,0,8.45,2027.778549,0.49754339,3.09069371,240.142919,12.09473155
1,Nigeria,2019,54.687,35.9,117.2,74.2,0.6564,0.56,4.43,12.44,66.89,6.585,5.317,291.9432,0.46,219,67,54,0,8.53,2229.858652,0.48264918,3.02666044,267.5115151,11.39679497
1,Senegal,2000,57.787,37.9,129.1,67.5,0.414381656,1.26322365,8.95994949,7.66940117,13.13597965,0.86498165,5.448,255.6432709,0.64,155,0,48,0,5.64,613.7323845,1.25274837,3.53971124,80.88363416,0.731981982
1,Senegal,2001,58.177,36.9,122.6,65.1,0.44339924,1.4907943,9.01053238,9.17238712,13.80673599,0.85724723,5.365,239.510818,0.64,153,0,48,0,5.62,648.4414733,1.4157685,3.67916536,83.28951853,2.974500839
1,Senegal,2002,58.675,35.8,115,62.2,0.445365255,1.38332558,8.63348484,9.08322906,16.36558914,1.34529293,5.292,193.5051743,0.62,150,0,54,0.160131004,5.65,681.3118508,1.33994246,3.95129871,85.23624601,2.337301875
1,Senegal,2003,59.259,34.6,107,59.2,0.4259368,1.55609691,9.04740334,12.8178978,21.79633713,1.04486787,5.232,164.9342075,0.58,147,0,60,0.490022272,6.7,831.8310403,1.54448271,4.29645395,85.1919257,-0.051997024
1,Senegal,2004,59.912,33.3,99.1,56.1,0.498608429,1.60957205,8.96650219,15.13885689,26.4562645,0.91446108,5.185,125.7300821,0.53,144,0,57,0.476233766,7.79,932.1680954,1.62705243,4.56848049,85.63047821,0.514781781
1,Senegal,2005,60.62,32,91.8,53.2,0.511265745,1.59242606,8.54385757,15.8276329,18.22686005,2.40898943,5.149,110.8478238,0.49,141,0,74,0.452716049,8.92,992.6880581,1.59510672,3.67466164,87.09590107,1.711333259
1,Senegal,2006,61.365,30.8,85.3,50.6,0.489357485,1.73548985,8.26599026,18.0647831,18.47683907,2.10142803,5.124,117.6694776,0.42,139,0,80,0.395008977,10.03,1027.731441,1.75945425,3.76337719,88.93561545,2.112285839
1,Senegal,2007,62.126,29.7,79.5,48.2,0.530500438,1.28992605,5.94697189,15.76770592,22.69103622,2.37836266,5.107,101.914268,0.35,138,16,84,0.354870968,9.89,1197.409561,1.31880593,3.41496325,94.14128764,5.853304285
1,Senegal,2008,62.88,28.6,74.5,46.2,0.533124526,1.37295449,6.62101936,19.38515091,26.4618187,3.18930197,5.094,86.42398394,0.25,136,19,77,0.34378125,9.85,1403.949385,1.38714373,3.50687575,101.0580386,7.347202366
1,Senegal,2009,63.607,27.7,70.2,44.3,0.539112315,1.39118242,6.65591669,18.32515335,28.34510422,3.41199899,5.081,57.11850386,0.21,134,22,79,0.496285714,10.25,1308.937808,1.40657866,3.84157085,98.78623214,-2.248021479
1,Senegal,2010,64.284,26.8,66.3,42.6,0.554497611,1.15321255,5.35078669,14.74933147,30.10472488,6.31085682,5.064,59.27611007,0.18,132,25,81,0.678108108,10.34,1271.583281,1.16164362,4.02764177,100,1.228681197
1,Senegal,2011,64.898,26.1,63,41.1,0.580796995,1.30168986,5.62594509,17.85558319,34.75183487,4.91539097,5.039,49.90711084,0.15,130,28,84,0.484412153,10.36,1366.774501,1.3086288,4.21416569,103.4032283,3.403228298
1,Senegal,2012,65.448,25.5,60,39.8,0.556633754,1.20803773,5.3075428,16.06759453,34.91073227,5.25296021,5.005,56.91736824,0.13,129,26,83,0.73733244,9.42,1317.779802,1.21923661,4.26687956,104.8697226,1.418228712
1,Senegal,2013,65.939,24.9,57.4,38.6,0.58117477,1.16787529,5.299932,16.06620407,38.44750595,5.67088699,4.96,67.90232694,0.11,127,31,84,1.052946317,8.53,1372.665779,1.17077088,4.38575172,105.614555,0.710245487
1,Senegal,2014,66.37,24.4,55,37.5,0.604596628,1.08003688,4.67541838,15.06435108,35.00168991,11.2501688,4.905,39.51374064,0.11,125,38,80,0.855775963,7.61,1396.657339,1.08003676,4.39605808,104.463087,-1.090255074
1,Senegal,2015,66.747,24,52.8,36.4,0.636556012,1.07820702,4.69480944,13.14073849,30.66597939,9.60626316,4.841,69.79720066,0.1,123,44,80,0.513696121,6.76,1219.249415,1.07820702,4.38257313,104.6043336,0.135211934
1,Senegal,2016,67.078,23.5,50.6,35.4,0.661619418,1.06801915,4.45690155,13.55359745,31.14606667,9.37141037,4.77,45.65600832,0.09,122,51,93,0.44358871,6.7,1269.903294,1.06801879,4.26078129,105.4801699,0.837284943
1,Senegal,2017,67.38,23,48.8,34.4,0.620648569,0.93829352,4.25805283,12.71084595,33.13993454,9.24970531,4.697,52.35478737,0.09,120,57,90,0,6.61,1361.701972,0.95649564,3.99707484,106.8705601,1.318153148
1,Senegal,2018,67.665,22.5,47,33.6,0.621912357,0.94568121,4.25805283,14.00303841,36.81741714,8.08315277,4.625,55.75255053,0.09,118,67,83,0,6.53,1458.069093,0.96029741,4.23825741,107.363218,0.460985642
1,Senegal,2019,67.941,22,45.3,32.7,0.6754,0.945,4.25,14.0054,37.876,8.083,4.556,55.756,0.08,117,73,90,0,6.47,1430.148259,1.03445733,4.13226938,109.2512702,1.758565176
1,Sierra leone,2000,39.441,49.2,227.7,139.5,0.087249186,2.07760668,12.69943237,4.20508099,17.75194359,1.35406554,6.319,465.77847,1.45,305,0,37,0,3.44,138.6987225,2.07760787,11.51732922,13,12
1,Sierra leone,2001,40.369,48.6,222.2,136.9,0.090448834,2.51133323,13.14928818,5.76128769,18.03549767,1.37545788,6.242,468.7969401,1.42,309,0,50,0,3.43,229.3756595,2.51132965,10.97251225,12,13
1,Sierra leone,2002,41.376,48,216.3,134.1,0.106730678,2.80493689,14.00853062,7.08056784,19.91153717,1.8382436,6.158,458.0018809,1.4,311,0,62,0,3.45,252.396007,2.80493784,11.42102432,11,12
1,Sierra leone,2003,42.419,47.3,210.3,131.2,0.111515429,2.20022655,11.68877506,5.8632679,20.57872772,2.41576982,6.067,439.7920506,1.37,313,0,73,0,3.45,266.4469054,2.20022702,10.82905197,12,11
1,Sierra leone,2004,43.467,46.5,204,128.2,0.104895201,2.09712052,11.575881,5.59102345,19.72675323,3.90355277,5.969,414.0480438,1.33,314,0,76,0,3.42,266.5693713,2.09712267,10.96055317,13,12
1,Sierra leone,2005,44.502,45.5,197.3,125,0.085021527,1.7210629,9.54274082,5.03208542,21.70507622,5.53523397,5.863,388.2593064,1.3,316,1,71,0,3.5,292.3490663,1.72106218,11.03772926,11,11
1,Sierra leone,2006,45.517,44.5,190.4,121.6,0.108075838,1.08422744,6.51798391,3.50655437,23.34792519,6.76126194,5.747,374.6020064,1.24,317,1,65,0,3.54,323.3890184,1.08422685,10.39398956,71.85270279,45
1,Sierra leone,2007,46.52,43.4,183.2,118.2,0.090155654,1.07384503,8.29007912,3.87011862,26.47983742,5.81658888,5.621,379.9443072,1.21,318,2,60,0,3.58,360.3716605,1.07384515,10.03516197,80.22352431,11.64997445
1,Sierra leone,2008,47.508,42.1,175.7,114.5,0.089670029,0.63286829,3.91596603,2.58531213,30.57659149,7.17359066,5.487,413.8459329,1.15,318,3,73,0,3.67,408.4810085,0.63286781,9.87387085,86.80555556,8.204614927
1,Sierra leone,2009,48.468,40.8,168.1,110.8,0.087681051,0.93309164,5.33928013,3.65037322,30.45086288,9.31739902,5.346,442.1484408,1.12,318,6,80,0,3.99,391.200943,0.93309212,11.09847832,93.28920718,7.469166667
1,Sierra leone,2010,49.382,39.4,160.5,107.2,0.091962823,1.27227926,6.29194307,5.11246347,28.24533081,10.61651802,5.202,458.7356577,1.05,317,9,82,0,4.16,401.8348761,1.27227974,10.94338036,100,7.193536131
1,Sierra leone,2011,50.234,38.1,153.2,103.5,0.11732014,0.88903195,4.13421965,3.98573947,41.78394699,13.77368164,5.06,453.6522978,0.99,316,12,84,0,4.29,448.3376621,0.88903224,13.28134346,106.7881944,6.788194444
1,Sierra leone,2012,51.018,37,146.3,100.2,0.132586756,0.95205772,4.68231773,5.39187765,44.05112076,10.53474045,4.923,447.4682336,0.93,314,12,86,0,4.44,566.3782351,0.95205742,10.59041977,113.8237847,6.588359616
1,Sierra leone,2013,51.731,35.9,139.8,97,0.155886349,0.80621612,5.15012884,5.77924109,52.39313126,24.74910355,4.793,432.6978172,0.93,313,13,85,0,4.59,716.8358269,0.80621624,11.56772041,120.10489,5.51827137
1,Sierra leone,2014,52.372,35,137.7,94.9,0.168159366,1.33745694,7.57988405,9.55884552,56.7288208,74.70478058,4.672,409.3084475,0.94,310,15,80,0,4.68,714.6997957,1.33745706,19.72741699,125.6843171,4.645462047
1,Sierra leone,2015,52.941,34.3,138.3,94.2,0.131066917,1.64069045,7.91080904,9.71811104,50.52584457,60.66844177,4.561,403.7188704,0.9,307,19,78,0,4.64,588.2288628,1.64069068,20.413414,134.0972222,6.693679279
1,Sierra leone,2016,53.444,33.3,123.2,88.6,0.130989244,1.84639025,7.91080904,9.73155022,49.88283539,27.48702621,4.457,391.3311864,0.87,304,24,85,0,4.59,501.4151655,1.84638989,16.5259552,148.6914063,10.88328586
1,Sierra leone,2017,53.895,32.5,118.2,85.9,0.129533212,1.85341144,7.91080904,9.20557117,45.27281189,28.07111168,4.359,364.1306779,0.83,301,31,80,0,4.5,496.6822949,0.85096198,9.39976025,175.7826968,18.2198092
1,Sierra leone,2018,54.309,31.8,113.5,83.4,0.133330736,1.56026566,7.24886274,8.33168507,55.24813843,22.19565773,4.263,320.4002955,0.77,298,37,87,0,4.42,533.9915333,0.76867908,8.28987408,203.9655671,16.03278985
1,Sierra leone,2019,54.696,31.2,109.2,80.9,0.1334,1.56,7.34,8.33,55.24,22.195,4.169,324.498,0.74,295,42,93,0,4.36,521.7548367,1.22532105,8.74976635,234.1587095,14.80305857
1,Togo,2000,53.491,36.2,117.9,74.5,0.257899125,0.39248648,2.44484162,1.18611932,8.36482811,0.45114201,5.419,442.0208244,2.67,52,0,58,0,4.46,302.958592,0.290968,2.79417205,74.49453288,1.862605955
1,Togo,2001,53.554,35.4,114.5,72.7,0.233083151,0.43843213,2.99478221,1.28270924,8.2183075,0.51287806,5.372,439.8628681,2.42,53,0,40,0,4.44,292.8231035,0.32503304,2.88543582,77.41441413,3.919591337
1,Togo,2002,53.71,34.6,111.3,70.8,0.257839078,0.46022218,4.05133438,1.50426209,9.13508224,0.63660842,5.326,440.3144867,2.21,56,0,48,0,4.48,328.3981073,0.34117526,2.90226316,79.78315476,3.059818575
1,Togo,2003,53.938,33.9,108.1,69,0.343299074,0.50833428,4.24208784,2.01315641,10.9507494,0.90774143,5.279,451.1358791,2.03,60,1,68,0,4.48,396.9205798,0.3768526,2.93838358,79.04117071,-0.930000884
1,Togo,2004,54.234,33.2,104.9,67.3,0.325544052,0.59905261,4.20555305,2.47162771,11.56665516,1.19495976,5.231,466.2323031,1.92,66,2,70,0,4.43,413.3298662,0.4441134,3.08552408,79.3518647,0.393078681
1,Togo,2005,54.602,32.4,101.9,65.6,0.311851627,0.67935812,3.80081582,2.76091766,11.92773056,1.43982065,5.179,470.3770357,1.83,71,5,70,0,4.36,406.562366,0.50362736,3.30243444,84.73424529,6.78292893
1,Togo,2006,55.052,31.8,99,63.9,0.272433181,0.76143503,3.83191919,3.1043303,12.09405708,1.75604224,5.123,460.0660676,1.69,74,6,78,0,4.23,408.0571173,0.56445915,3.44604039,86.6229528,2.228977794
1,Togo,2007,55.581,31.1,96.1,62.3,0.253362971,0.84020478,4.34495354,3.77373147,13.81134605,2.3275125,5.064,434.4946929,1.63,77,6,71,0,3.6,449.7382505,0.62281972,3.86664653,87.44212292,0.945673272
1,Togo,2008,56.178,30.5,93.3,60.7,0.258078642,0.82683927,4.84371662,4.49922562,16.60323906,3.03992033,5.001,379.9032682,1.51,78,9,63,0,3.08,546.3503702,0.61289495,3.84063792,95.04506523,8.694828144
1,Togo,2009,56.818,29.8,90.6,59.2,0.451139367,0.95376474,4.77685833,5.13546991,18.40920448,3.1512413,4.936,326.8781476,1.4,77,13,66,0,2.8,540.6087126,0.70697951,4.07617235,98.5746644,3.71360592
1,Togo,2010,57.468,29.2,88,57.7,0.409550532,1.55495834,7.44585991,8.29583931,21.30822182,1.87517095,4.868,308.876782,1.24,76,21,68,0,2.39,534.0447826,1.15260625,4.45492935,100,1.445945174
1,Togo,2011,58.092,28.6,85.4,56.2,0.380537176,1.44526744,5.66925287,8.47401905,23.6590786,3.0224874,4.798,313.4008668,1.01,73,24,72,0.58438247,1.98,587.0974928,1.07126546,4.55412006,103.5635147,3.563514729
1,Togo,2012,58.661,28.1,82.9,54.8,0.329209261,1.63061213,6.10906744,9.32448006,22.01242447,3.77871394,4.727,349.7015784,0.91,69,27,72,1.479955157,2.05,571.8067239,1.20869923,4.80786562,106.2325347,2.577181741
1,Togo,2013,59.16,27.6,80.5,53.4,0.251627635,1.33595109,5.01084137,8.2992239,24.00338554,6.81115294,4.656,385.3867035,0.82,64,30,72,2.304971429,2.12,621.3988536,0.99220741,4.94373512,108.1716978,1.825394759
1,Togo,2014,59.58,27.1,78.1,52.1,0.222751565,1.39498639,5.07090569,8.92949963,25.2009697,6.57374287,4.585,384.682986,0.77,58,33,77,4.612578616,2.16,640.9342196,1.03395844,5.07536507,108.3781707,0.190875076
1,Togo,2015,59.927,26.7,75.8,50.8,0.248526524,1.27388215,4.15558386,7.26979971,22.47333336,5.92088127,4.516,364.3139398,0.76,52,39,75,4.02967033,2.2,570.9099672,0.94316441,4.9564662,111.1785599,2.58390527
1,Togo,2016,60.22,26.2,73.5,49.5,0.30626028,1.32476497,4.25943756,7.88105392,23.25811577,8.13000774,4.449,324.8601323,0.69,46,46,73,0.63773913,2.95,803.1518934,0.98174185,5.35245514,112.6074786,1.285246608
1,Togo,2017,60.489,25.8,71.3,48.2,0.268884387,0.92181134,4.25943756,5.73629332,26.44876099,5.28550768,4.384,278.1997372,0.65,41,53,77,0,3.74,830.7452767,1.04826045,6.49387741,111.5035993,-0.980289496
1,Togo,2018,60.76,25.3,69.1,47,0.286471389,1.05069971,4.25943756,7.12986135,27.67775154,7.0291605,4.32,267.3086076,0.56,38,58,71,0,3.66,901.5230169,1.01942241,6.08747768,112.5385428,0.928170504
1,Togo,2019,61.042,24.8,66.9,45.8,0.234,1.0567,4.24,7.12,27.67,7.029,4.259,265.3087,0.51,37,68,75,0,3.6,893.3524541,0.86332363,5.72606897,113.310442,0.685897591
